,Employee_ID,Label
0,EID_22713,0.1903
1,EID_9658,0.1895
2,EID_22203,0.1818
3,EID_7652,0.1901
4,EID_6516,0.1919
5,EID_20283,0.192
6,EID_21014,0.1891
7,EID_7693,0.1876
8,EID_13232,0.1941
9,EID_6515,0.1882
10,EID_13639,0.1874
11,EID_14669,0.1885
12,EID_16537,0.1896
13,EID_5782,0.1839
14,EID_20157,0.186
15,EID_1855,0.1753
16,EID_20748,0.1921
17,EID_23179,0.1904
18,EID_12838,0.1913
19,EID_21656,0.1917
20,EID_8844,0.1865
21,EID_1536,0.1874
22,EID_8822,0.182
23,EID_11398,0.1895
24,EID_12965,0.1952
25,EID_5204,0.1902
26,EID_10030,0.1933
27,EID_13227,0.1871
28,EID_20607,0.1937
29,EID_14070,0.1884
30,EID_3755,0.1844
31,EID_5459,0.1849
32,EID_7697,0.1868
33,EID_3935,0.1898
34,EID_19046,0.1959
35,EID_4040,0.1839
36,EID_17730,0.1855
37,EID_4995,0.1877
38,EID_24653,0.1906
39,EID_6978,0.1849
40,EID_13775,0.1927
41,EID_14608,0.1872
42,EID_3148,0.1862
43,EID_24868,0.1872
44,EID_5521,0.1831
45,EID_21155,0.1942
46,EID_3840,0.1885
47,EID_10646,0.1885
48,EID_6711,0.1854
49,EID_16247,0.1937
50,EID_16789,0.1954
51,EID_17967,0.1895
52,EID_13270,0.1924
53,EID_18462,0.1892
54,EID_22248,0.1963
55,EID_22693,0.1885
56,EID_25662,0.1844
57,EID_23346,0.1943
58,EID_4437,0.1889
59,EID_18108,0.1875
60,EID_7000,0.1845
61,EID_22770,0.1975
62,EID_7816,0.1862
63,EID_19615,0.1927
64,EID_23807,0.1826
65,EID_16764,0.1968
66,EID_16818,0.1881
67,EID_22712,0.1902
68,EID_18198,0.1945
69,EID_11154,0.1874
70,EID_22137,0.192
71,EID_11655,0.1898
72,EID_18514,0.1931
73,EID_24742,0.1912
74,EID_16019,0.1878
75,EID_7357,0.1874
76,EID_20106,0.1911
77,EID_13284,0.1926
78,EID_5451,0.1787
79,EID_19728,0.1948
80,EID_9178,0.1835
81,EID_13177,0.1829
82,EID_14300,0.1932
83,EID_4379,0.1855
84,EID_11285,0.1916
85,EID_14882,0.1945
86,EID_9969,0.1908
87,EID_23643,0.1878
88,EID_5935,0.1821
89,EID_7741,0.1849
90,EID_6176,0.1892
91,EID_5418,0.1923
92,EID_20626,0.1872
93,EID_1725,0.1844
94,EID_14317,0.1907
95,EID_12120,0.1946
96,EID_20264,0.1844
97,EID_16691,0.1857
98,EID_1093,0.1853
99,EID_2565,0.1876
100,EID_11463,0.1896
101,EID_12005,0.1865
102,EID_10326,0.1955
103,EID_12582,0.1904
104,EID_18228,0.1949
105,EID_11670,0.1933
106,EID_24257,0.1908
107,EID_7024,0.1908
108,EID_10382,0.1877
109,EID_20210,0.1919
110,EID_10294,0.1904
111,EID_19941,0.1913
112,EID_25572,0.1918
113,EID_7758,0.1879
114,EID_22718,0.1889
115,EID_1078,0.1813
116,EID_8227,0.1847
117,EID_1702,0.1828
118,EID_3532,0.1864
119,EID_22452,0.1887
120,EID_3019,0.1827
121,EID_22264,0.192
122,EID_9866,0.1831
123,EID_3520,0.1835
124,EID_21098,0.1957
125,EID_1186,0.1855
126,EID_12355,0.1902
127,EID_11020,0.1851
128,EID_19193,0.1858
129,EID_17787,0.1882
130,EID_13719,0.1888
131,EID_24449,0.1929
132,EID_12957,0.1898
133,EID_24794,0.1856
134,EID_2866,0.1853
135,EID_10563,0.193
136,EID_22492,0.1856
137,EID_4106,0.1879
138,EID_6648,0.1914
139,EID_7209,0.1897
140,EID_9692,0.1837
141,EID_22763,0.1938
142,EID_12622,0.1928
143,EID_9831,0.1922
144,EID_5731,0.1807
145,EID_1114,0.1868
146,EID_25017,0.1943
147,EID_22956,0.1935
148,EID_5549,0.1877
149,EID_12022,0.1921
150,EID_8034,0.1794
151,EID_20644,0.1884
152,EID_20125,0.1854
153,EID_21957,0.189
154,EID_8870,0.187
155,EID_2305,0.1863
156,EID_3977,0.1864
157,EID_14845,0.19
158,EID_6629,0.1866
159,EID_14577,0.1871
160,EID_24509,0.1941
161,EID_1530,0.1859
162,EID_21524,0.1939
163,EID_6647,0.1825
164,EID_19730,0.1927
165,EID_4424,0.1847
166,EID_7964,0.1804
167,EID_6289,0.1832
168,EID_2899,0.1892
169,EID_2827,0.1836
170,EID_8801,0.1863
171,EID_20454,0.1906
172,EID_18988,0.1917
173,EID_8405,0.1915
174,EID_14497,0.191
175,EID_11769,0.1938
176,EID_21353,0.1951
177,EID_2221,0.1894
178,EID_13218,0.1868
179,EID_4576,0.1917
180,EID_17470,0.1949
181,EID_14817,0.1887
182,EID_21845,0.1967
183,EID_21987,0.1849
184,EID_1168,0.1834
185,EID_14315,0.193
186,EID_5043,0.1798
187,EID_1967,0.1848
188,EID_22274,0.1862
189,EID_11091,0.1875
190,EID_18421,0.1869
191,EID_8316,0.1865
192,EID_13308,0.1934
193,EID_19481,0.1855
194,EID_17732,0.1965
195,EID_4504,0.1899
196,EID_2539,0.1869
197,EID_19529,0.182
198,EID_2279,0.1855
199,EID_14508,0.1868
200,EID_12241,0.1879
201,EID_11530,0.1854
202,EID_20147,0.184
203,EID_6154,0.191
204,EID_3523,0.1849
205,EID_20453,0.1932
206,EID_11929,0.1925
207,EID_12840,0.1913
208,EID_22320,0.1853
209,EID_25383,0.1878
210,EID_10731,0.1895
211,EID_1017,0.182
212,EID_1819,0.1919
213,EID_22849,0.193
214,EID_12290,0.1919
215,EID_24238,0.1872
216,EID_3105,0.1874
217,EID_14242,0.1938
218,EID_16569,0.1944
219,EID_8094,0.1878
220,EID_7824,0.1857
221,EID_8978,0.191
222,EID_25314,0.1938
223,EID_17810,0.1899
224,EID_14856,0.1875
225,EID_22144,0.1914
226,EID_23603,0.1849
227,EID_7211,0.1871
228,EID_19340,0.1958
229,EID_1501,0.1838
230,EID_22111,0.1935
231,EID_16147,0.1906
232,EID_16746,0.1909
233,EID_20777,0.1892
234,EID_12999,0.193
235,EID_21663,0.1928
236,EID_11862,0.194
237,EID_17683,0.1977
238,EID_19819,0.1929
239,EID_21562,0.1929
240,EID_24390,0.1875
241,EID_14444,0.1959
242,EID_3261,0.186
243,EID_7752,0.1834
244,EID_3033,0.188
245,EID_22433,0.1857
246,EID_23727,0.1852
247,EID_24107,0.1869
248,EID_22537,0.1946
249,EID_13645,0.1936
250,EID_16021,0.194
251,EID_19800,0.1838
252,EID_1944,0.1873
253,EID_15868,0.194
254,EID_22188,0.19
255,EID_13833,0.1888
256,EID_15028,0.1904
257,EID_24861,0.1857
258,EID_13033,0.1937
259,EID_23673,0.1832
260,EID_13265,0.1871
261,EID_23411,0.1931
262,EID_3761,0.1788
263,EID_7299,0.1841
264,EID_2379,0.1854
265,EID_18863,0.1927
266,EID_12115,0.1833
267,EID_23879,0.1923
268,EID_16586,0.1879
269,EID_19003,0.1949
270,EID_11107,0.1943
271,EID_15416,0.1886
272,EID_19214,0.1939
273,EID_5135,0.1896
274,EID_22464,0.1911
275,EID_22759,0.1864
276,EID_17833,0.1926
277,EID_17627,0.1971
278,EID_25730,0.184
279,EID_2377,0.1893
280,EID_18085,0.1887
281,EID_14096,0.1893
282,EID_8384,0.1889
283,EID_17105,0.194
284,EID_9929,0.1908
285,EID_13267,0.1894
286,EID_12954,0.1922
287,EID_4464,0.1844
288,EID_11464,0.1882
289,EID_19308,0.1904
290,EID_17530,0.1945
291,EID_6981,0.1847
292,EID_19951,0.1821
293,EID_1100,0.1846
294,EID_25145,0.1862
295,EID_15614,0.1891
296,EID_2961,0.1858
297,EID_1742,0.1885
298,EID_2843,0.1859
299,EID_9549,0.1841
300,EID_12832,0.1907
301,EID_17914,0.1987
302,EID_22832,0.1828
303,EID_5755,0.1912
304,EID_1141,0.1814
305,EID_18954,0.1954
306,EID_10824,0.1865
307,EID_24478,0.1946
308,EID_14916,0.1879
309,EID_4434,0.1852
310,EID_23650,0.1897
311,EID_16556,0.1896
312,EID_24656,0.1879
313,EID_25965,0.1945
314,EID_9279,0.187
315,EID_13802,0.1946
316,EID_2748,0.1908
317,EID_17346,0.1923
318,EID_1171,0.1863
319,EID_1552,0.1879
320,EID_20674,0.1873
321,EID_2475,0.1885
322,EID_16714,0.1907
323,EID_7857,0.1864
324,EID_3294,0.1859
325,EID_2280,0.186
326,EID_10203,0.1897
327,EID_22162,0.1944
328,EID_10438,0.1912
329,EID_12898,0.189
330,EID_4358,0.1832
331,EID_6179,0.1882
332,EID_2538,0.1866
333,EID_13110,0.1862
334,EID_24585,0.1939
335,EID_1006,0.1839
336,EID_11632,0.1917
337,EID_21011,0.1885
338,EID_16869,0.1975
339,EID_20564,0.1906
340,EID_12996,0.1922
341,EID_1503,0.1841
342,EID_23053,0.1902
343,EID_22049,0.1827
344,EID_4346,0.1904
345,EID_1887,0.1811
346,EID_16849,0.1943
347,EID_10071,0.1905
348,EID_11265,0.1948
349,EID_12611,0.1936
350,EID_25542,0.1873
351,EID_11582,0.1921
352,EID_19550,0.1894
353,EID_5351,0.1919
354,EID_3305,0.1889
355,EID_18846,0.1979
356,EID_24764,0.1951
357,EID_2191,0.1836
358,EID_6314,0.182
359,EID_23248,0.1854
360,EID_4570,0.1923
361,EID_16415,0.1839
362,EID_11002,0.1899
363,EID_20498,0.1814
364,EID_7846,0.1935
365,EID_24121,0.1872
366,EID_7536,0.1852
367,EID_2015,0.1823
368,EID_7934,0.1954
369,EID_20903,0.187
370,EID_17535,0.1919
371,EID_19760,0.189
372,EID_9550,0.1828
373,EID_4261,0.1843
374,EID_19753,0.1864
375,EID_13542,0.1894
376,EID_24283,0.1859
377,EID_7552,0.1886
378,EID_11577,0.1866
379,EID_3228,0.1829
380,EID_17468,0.1969
381,EID_15815,0.1911
382,EID_2093,0.185
383,EID_21356,0.186
384,EID_12357,0.1887
385,EID_18495,0.1898
386,EID_5098,0.1835
387,EID_12691,0.1887
388,EID_13240,0.1952
389,EID_19312,0.1916
390,EID_23914,0.1914
391,EID_23175,0.1922
392,EID_15413,0.1911
393,EID_4785,0.1902
394,EID_25933,0.1848
395,EID_22705,0.1925
396,EID_19350,0.1927
397,EID_5369,0.1899
398,EID_20410,0.1917
399,EID_12557,0.1956
400,EID_17678,0.186
401,EID_1342,0.1887
402,EID_12230,0.1977
403,EID_1311,0.1849
404,EID_5860,0.1926
405,EID_4259,0.1851
406,EID_10209,0.1916
407,EID_2300,0.1869
408,EID_17408,0.1871
409,EID_1883,0.1832
410,EID_1053,0.1921
411,EID_23610,0.1825
412,EID_17585,0.1935
413,EID_20845,0.1932
414,EID_15683,0.1912
415,EID_11976,0.1902
416,EID_12031,0.1875
417,EID_1711,0.1848
418,EID_6239,0.1881
419,EID_25541,0.1848
420,EID_9308,0.1896
421,EID_18168,0.1917
422,EID_11934,0.1868
423,EID_23472,0.1899
424,EID_13731,0.1838
425,EID_16069,0.1904
426,EID_18276,0.1865
427,EID_6141,0.1845
428,EID_12061,0.1898
429,EID_9450,0.1877
430,EID_21730,0.1941
431,EID_19506,0.1908
432,EID_13552,0.195
433,EID_9945,0.1915
434,EID_1924,0.183
435,EID_18453,0.1928
436,EID_20225,0.1954
437,EID_18673,0.1929
438,EID_11420,0.1881
439,EID_16631,0.1932
440,EID_21237,0.188
441,EID_5015,0.1915
442,EID_20179,0.1989
443,EID_12073,0.1943
444,EID_21147,0.1852
445,EID_6714,0.1904
446,EID_10645,0.1909
447,EID_18298,0.1939
448,EID_2640,0.1809
449,EID_2318,0.183
450,EID_25226,0.1969
451,EID_24099,0.1881
452,EID_20938,0.1973
453,EID_8377,0.19
454,EID_7023,0.1876
455,EID_11385,0.189
456,EID_15016,0.1915
457,EID_25794,0.1893
458,EID_11494,0.1946
459,EID_2425,0.1866
460,EID_9847,0.1921
461,EID_3570,0.1856
462,EID_13573,0.1971
463,EID_13780,0.1902
464,EID_2949,0.1874
465,EID_19834,0.1893
466,EID_11384,0.1892
467,EID_23154,0.1876
468,EID_9337,0.1857
469,EID_3653,0.189
470,EID_4850,0.1787
471,EID_16283,0.1877
472,EID_5107,0.1868
473,EID_25156,0.1885
474,EID_17223,0.1903
475,EID_14695,0.186
476,EID_11374,0.1915
477,EID_13672,0.1933
478,EID_6782,0.1822
479,EID_25074,0.1948
480,EID_21087,0.1969
481,EID_13017,0.195
482,EID_9947,0.1962
483,EID_21221,0.1915
484,EID_21639,0.1835
485,EID_20333,0.189
486,EID_2970,0.1854
487,EID_7624,0.1883
488,EID_15741,0.1943
489,EID_1312,0.1855
490,EID_19575,0.1833
491,EID_21047,0.1845
492,EID_11969,0.1913
493,EID_19145,0.1927
494,EID_9871,0.1898
495,EID_18852,0.1918
496,EID_22326,0.1866
497,EID_7259,0.1925
498,EID_21920,0.1922
499,EID_1436,0.1871
500,EID_8261,0.1879
501,EID_23228,0.1923
502,EID_5560,0.1839
503,EID_22357,0.195
504,EID_4816,0.1911
505,EID_10000,0.1914
506,EID_21908,0.1831
507,EID_14887,0.1861
508,EID_12497,0.1964
509,EID_17976,0.1961
510,EID_17356,0.1913
511,EID_9785,0.1908
512,EID_16224,0.1936
513,EID_6020,0.1896
514,EID_20716,0.1953
515,EID_11351,0.1901
516,EID_20899,0.1967
517,EID_9718,0.193
518,EID_9479,0.191
519,EID_25048,0.1878
520,EID_23370,0.1889
521,EID_13877,0.1882
522,EID_12256,0.1956
523,EID_1903,0.1769
524,EID_8830,0.1859
525,EID_22060,0.1895
526,EID_11996,0.1892
527,EID_21061,0.1836
528,EID_22604,0.187
529,EID_18463,0.1915
530,EID_11375,0.1951
531,EID_2685,0.1867
532,EID_16010,0.189
533,EID_19288,0.1972
534,EID_9283,0.1851
535,EID_11122,0.1815
536,EID_6638,0.1911
537,EID_25516,0.1933
538,EID_3864,0.1921
539,EID_9746,0.1855
540,EID_8407,0.1879
541,EID_25463,0.19
542,EID_23098,0.1863
543,EID_22512,0.1856
544,EID_14671,0.187
545,EID_18482,0.192
546,EID_8151,0.1886
547,EID_16624,0.1971
548,EID_1983,0.1883
549,EID_18445,0.1886
550,EID_11891,0.1967
551,EID_2010,0.1833
552,EID_4592,0.1864
553,EID_17412,0.1952
554,EID_24883,0.1892
555,EID_15661,0.1879
556,EID_11757,0.1883
557,EID_2627,0.1847
558,EID_13243,0.1871
559,EID_10917,0.1917
560,EID_4360,0.1867
561,EID_13536,0.1949
562,EID_10695,0.1881
563,EID_5746,0.1817
564,EID_1178,0.1871
565,EID_15290,0.192
566,EID_3540,0.1796
567,EID_14684,0.1949
568,EID_7914,0.1903
569,EID_23733,0.1935
570,EID_5907,0.188
571,EID_5142,0.1845
572,EID_7686,0.1911
573,EID_12078,0.1916
574,EID_4880,0.1851
575,EID_1527,0.1867
576,EID_15919,0.1941
577,EID_1260,0.1831
578,EID_22377,0.1901
579,EID_7876,0.1816
580,EID_1213,0.1848
581,EID_4161,0.1877
582,EID_3214,0.1896
583,EID_17651,0.1944
584,EID_8005,0.1821
585,EID_12852,0.1942
586,EID_21465,0.1892
587,EID_7371,0.1859
588,EID_25687,0.1872
589,EID_17222,0.192
590,EID_1994,0.1848
591,EID_22384,0.1897
592,EID_6344,0.191
593,EID_18801,0.1909
594,EID_13688,0.1962
595,EID_13779,0.1888
596,EID_24969,0.1894
597,EID_15311,0.1905
598,EID_9095,0.19
599,EID_11675,0.1914
600,EID_14870,0.1911
601,EID_1575,0.1867
602,EID_7440,0.1894
603,EID_24259,0.1977
604,EID_19501,0.1901
605,EID_23743,0.19
606,EID_13287,0.1883
607,EID_2226,0.1798
608,EID_22439,0.1817
609,EID_16078,0.1901
610,EID_18895,0.1941
611,EID_19860,0.1904
612,EID_24564,0.1846
613,EID_21747,0.188
614,EID_4659,0.1887
615,EID_24149,0.1896
616,EID_13300,0.1917
617,EID_16950,0.1907
618,EID_23778,0.1909
619,EID_14691,0.1925
620,EID_10789,0.1946
621,EID_5525,0.1844
622,EID_19424,0.1964
623,EID_6171,0.1819
624,EID_19569,0.1847
625,EID_4602,0.1875
626,EID_17919,0.1893
627,EID_4286,0.1833
628,EID_1973,0.1892
629,EID_25715,0.1853
630,EID_23385,0.1859
631,EID_13681,0.1938
632,EID_25410,0.1908
633,EID_18267,0.1945
634,EID_15252,0.1947
635,EID_23214,0.1915
636,EID_18551,0.1976
637,EID_2401,0.1816
638,EID_7609,0.1928
639,EID_21291,0.1954
640,EID_10126,0.1916
641,EID_19714,0.1853
642,EID_4911,0.1874
643,EID_12505,0.1923
644,EID_10377,0.1936
645,EID_3407,0.185
646,EID_3386,0.1855
647,EID_7623,0.1916
648,EID_19517,0.1865
649,EID_21782,0.1987
650,EID_12361,0.1866
651,EID_21171,0.1833
652,EID_17836,0.1948
653,EID_20286,0.1954
654,EID_25798,0.186
655,EID_15699,0.1882
656,EID_17006,0.1866
657,EID_22476,0.1882
658,EID_9406,0.1834
659,EID_13559,0.1896
660,EID_1340,0.1778
661,EID_17848,0.1927
662,EID_20358,0.1942
663,EID_14265,0.1921
664,EID_9820,0.1887
665,EID_13755,0.187
666,EID_13293,0.1923
667,EID_25837,0.1881
668,EID_20466,0.1877
669,EID_11032,0.1892
670,EID_2399,0.1859
671,EID_23917,0.1912
672,EID_17011,0.1936
673,EID_8967,0.1817
674,EID_24468,0.196
675,EID_8435,0.1839
676,EID_17953,0.1925
677,EID_7140,0.1869
678,EID_24404,0.1871
679,EID_14380,0.1895
680,EID_1232,0.1857
681,EID_1573,0.1856
682,EID_3684,0.1851
683,EID_15824,0.1893
684,EID_9212,0.1842
685,EID_21121,0.1913
686,EID_6346,0.1883
687,EID_9525,0.1853
688,EID_9726,0.1936
689,EID_2526,0.1801
690,EID_4228,0.1819
691,EID_14595,0.1967
692,EID_15856,0.1937
693,EID_6768,0.1906
694,EID_23953,0.1913
695,EID_19059,0.1923
696,EID_5268,0.1816
697,EID_7619,0.1844
698,EID_23028,0.1915
699,EID_22104,0.195
700,EID_10318,0.192
701,EID_25369,0.1909
702,EID_16633,0.1867
703,EID_15848,0.1918
704,EID_2240,0.1835
705,EID_1059,0.1837
706,EID_9315,0.1911
707,EID_15388,0.1906
708,EID_9984,0.1872
709,EID_4296,0.1841
710,EID_10927,0.1865
711,EID_25054,0.1834
712,EID_1884,0.1841
713,EID_21960,0.187
714,EID_5572,0.1857
715,EID_16872,0.1877
716,EID_24525,0.1898
717,EID_14237,0.1893
718,EID_7114,0.1894
719,EID_7448,0.1877
720,EID_17668,0.1899
721,EID_7674,0.1874
722,EID_5884,0.1894
723,EID_13942,0.1917
724,EID_13098,0.1937
725,EID_7695,0.1934
726,EID_5350,0.181
727,EID_22853,0.1826
728,EID_2385,0.1874
729,EID_18006,0.1908
730,EID_12875,0.1882
731,EID_5478,0.1929
732,EID_18690,0.1877
733,EID_12545,0.199
734,EID_13888,0.1902
735,EID_9732,0.1961
736,EID_18001,0.1942
737,EID_17479,0.1981
738,EID_23757,0.1877
739,EID_1303,0.1872
740,EID_5375,0.1793
741,EID_5869,0.1881
742,EID_8825,0.1932
743,EID_22567,0.1816
744,EID_16273,0.19
745,EID_20618,0.1927
746,EID_3608,0.1912
747,EID_8806,0.1903
748,EID_23170,0.1903
749,EID_12243,0.1939
750,EID_20089,0.1881
751,EID_16852,0.1894
752,EID_18312,0.1914
753,EID_14010,0.1953
754,EID_14705,0.1922
755,EID_20956,0.1941
756,EID_18794,0.1903
757,EID_1629,0.1887
758,EID_25483,0.1929
759,EID_4542,0.188
760,EID_10076,0.1939
761,EID_9469,0.1869
762,EID_25284,0.1874
763,EID_11972,0.1917
764,EID_1798,0.1848
765,EID_21903,0.1911
766,EID_20031,0.1839
767,EID_20365,0.1898
768,EID_9210,0.1835
769,EID_19750,0.1924
770,EID_4006,0.1859
771,EID_24922,0.1876
772,EID_4760,0.1787
773,EID_11035,0.1868
774,EID_21008,0.1955
775,EID_23731,0.1819
776,EID_21788,0.1906
777,EID_5428,0.1842
778,EID_14023,0.1903
779,EID_2937,0.1847
780,EID_16931,0.1864
781,EID_18299,0.1899
782,EID_6660,0.1882
783,EID_23187,0.191
784,EID_14868,0.1959
785,EID_23247,0.1892
786,EID_15971,0.19
787,EID_7852,0.1799
788,EID_7017,0.1847
789,EID_7494,0.1888
790,EID_18706,0.1958
791,EID_22784,0.1884
792,EID_10756,0.1896
793,EID_6854,0.1892
794,EID_12554,0.188
795,EID_1162,0.1876
796,EID_19581,0.1846
797,EID_2169,0.1829
798,EID_25149,0.1962
799,EID_22575,0.1951
800,EID_2265,0.1833
801,EID_19668,0.1853
802,EID_19245,0.1927
803,EID_8194,0.1811
804,EID_8081,0.194
805,EID_8670,0.1902
806,EID_7992,0.1862
807,EID_6596,0.1832
808,EID_3699,0.1944
809,EID_9698,0.1947
810,EID_1847,0.1836
811,EID_16179,0.1911
812,EID_23663,0.1833
813,EID_24287,0.1929
814,EID_3527,0.1776
815,EID_18652,0.1935
816,EID_24110,0.1885
817,EID_21419,0.1875
818,EID_12865,0.1934
819,EID_9237,0.1912
820,EID_20408,0.193
821,EID_22934,0.198
822,EID_6492,0.1849
823,EID_20285,0.1945
824,EID_1286,0.1929
825,EID_12542,0.1925
826,EID_5523,0.1864
827,EID_1979,0.1832
828,EID_23146,0.1912
829,EID_4773,0.1886
830,EID_8785,0.192
831,EID_4463,0.1814
832,EID_24028,0.1789
833,EID_20920,0.1894
834,EID_21392,0.1924
835,EID_4079,0.1829
836,EID_5173,0.1875
837,EID_22915,0.1899
838,EID_18347,0.1979
839,EID_7984,0.1843
840,EID_25148,0.1913
841,EID_4350,0.1879
842,EID_6909,0.184
843,EID_10582,0.1895
844,EID_6248,0.189
845,EID_10035,0.1878
846,EID_24603,0.2
847,EID_1794,0.1795
848,EID_9407,0.188
849,EID_2114,0.187
850,EID_21125,0.1871
851,EID_15046,0.1966
852,EID_8058,0.1848
853,EID_1961,0.1808
854,EID_23324,0.1901
855,EID_21521,0.1926
856,EID_11043,0.1869
857,EID_6461,0.1871
858,EID_10398,0.1924
859,EID_20635,0.1863
860,EID_22940,0.1898
861,EID_8582,0.1854
862,EID_12770,0.1938
863,EID_15982,0.193
864,EID_19692,0.1922
865,EID_18304,0.198
866,EID_13603,0.1923
867,EID_6145,0.1888
868,EID_16587,0.1957
869,EID_16835,0.1923
870,EID_8399,0.183
871,EID_7012,0.1891
872,EID_20575,0.1898
873,EID_20747,0.1866
874,EID_3907,0.1921
875,EID_22626,0.1897
876,EID_4442,0.1808
877,EID_18034,0.1951
878,EID_16055,0.1928
879,EID_21684,0.1871
880,EID_17499,0.1954
881,EID_1222,0.1862
882,EID_17204,0.1921
883,EID_22732,0.194
884,EID_8539,0.1881
885,EID_23136,0.1868
886,EID_24470,0.1933
887,EID_17404,0.1913
888,EID_21498,0.1871
889,EID_19495,0.187
890,EID_23966,0.1839
891,EID_1388,0.1872
892,EID_7374,0.1839
893,EID_25441,0.195
894,EID_16616,0.1882
895,EID_7654,0.1917
896,EID_4217,0.1886
897,EID_9968,0.186
898,EID_17830,0.1881
899,EID_12023,0.1904
900,EID_24002,0.1836
901,EID_11371,0.1917
902,EID_11096,0.1886
903,EID_24835,0.1979
904,EID_17439,0.1899
905,EID_6587,0.1926
906,EID_21946,0.1951
907,EID_5431,0.1852
908,EID_4723,0.1827
909,EID_11535,0.1885
910,EID_2330,0.1874
911,EID_23531,0.1845
912,EID_8913,0.1839
913,EID_21273,0.1866
914,EID_11927,0.1913
915,EID_1385,0.1889
916,EID_15758,0.1966
917,EID_1023,0.1836
918,EID_8959,0.1901
919,EID_12911,0.1951
920,EID_15925,0.1925
921,EID_17769,0.196
922,EID_19842,0.1917
923,EID_15875,0.186
924,EID_21284,0.189
925,EID_24825,0.1931
926,EID_23825,0.1884
927,EID_13001,0.1913
928,EID_25601,0.1882
929,EID_24670,0.1921
930,EID_24412,0.1864
931,EID_18712,0.192
932,EID_21138,0.1823
933,EID_19335,0.1903
934,EID_16753,0.1907
935,EID_24399,0.1874
936,EID_12567,0.1921
937,EID_22161,0.1894
938,EID_12609,0.1869
939,EID_22249,0.1884
940,EID_5314,0.1858
941,EID_1897,0.186
942,EID_22507,0.1787
943,EID_2878,0.1831
944,EID_10098,0.1845
945,EID_18435,0.1966
946,EID_8063,0.183
947,EID_3512,0.1818
948,EID_24444,0.1968
949,EID_9813,0.1866
950,EID_25132,0.1875
951,EID_5613,0.1879
952,EID_14062,0.1884
953,EID_20073,0.1954
954,EID_12506,0.195
955,EID_1092,0.1915
956,EID_15895,0.1944
957,EID_1039,0.1861
958,EID_22016,0.1906
959,EID_6764,0.1801
960,EID_17384,0.1933
961,EID_8705,0.1829
962,EID_14832,0.1907
963,EID_16473,0.1887
964,EID_11186,0.1898
965,EID_7476,0.1879
966,EID_19671,0.1903
967,EID_14001,0.1927
968,EID_10658,0.1871
969,EID_6668,0.1856
970,EID_13786,0.1914
971,EID_11224,0.1896
972,EID_13296,0.1918
973,EID_22145,0.1832
974,EID_6494,0.1903
975,EID_1649,0.1879
976,EID_20878,0.1908
977,EID_3790,0.1849
978,EID_9257,0.1898
979,EID_14917,0.1976
980,EID_22052,0.1902
981,EID_1198,0.1793
982,EID_8478,0.1853
983,EID_2071,0.1855
984,EID_1250,0.1825
985,EID_9000,0.1919
986,EID_17319,0.1921
987,EID_21794,0.1983
988,EID_23350,0.1936
989,EID_16278,0.1852
990,EID_3330,0.1762
991,EID_12584,0.1965
992,EID_9354,0.1916
993,EID_15007,0.1913
994,EID_11656,0.189
995,EID_22526,0.1957
996,EID_11027,0.1895
997,EID_21588,0.1897
998,EID_13717,0.1916
999,EID_8073,0.1843
1000,EID_15972,0.1931
1001,EID_5730,0.1834
1002,EID_23968,0.1873
1003,EID_4299,0.1855
1004,EID_6302,0.187
1005,EID_6974,0.1839
1006,EID_4829,0.1879
1007,EID_21139,0.1881
1008,EID_23456,0.1886
1009,EID_20110,0.1837
1010,EID_20342,0.1834
1011,EID_15238,0.1935
1012,EID_10349,0.1853
1013,EID_10077,0.1879
1014,EID_22330,0.1884
1015,EID_4368,0.1905
1016,EID_8859,0.1823
1017,EID_24277,0.1909
1018,EID_1061,0.1927
1019,EID_5597,0.1872
1020,EID_4820,0.1861
1021,EID_5863,0.1858
1022,EID_23680,0.1893
1023,EID_5542,0.1885
1024,EID_6203,0.1828
1025,EID_5355,0.1852
1026,EID_19669,0.1965
1027,EID_21725,0.1894
1028,EID_2138,0.188
1029,EID_24278,0.1922
1030,EID_6591,0.1834
1031,EID_21056,0.1867
1032,EID_18759,0.1963
1033,EID_12059,0.1959
1034,EID_11077,0.1918
1035,EID_17216,0.1914
1036,EID_15655,0.1916
1037,EID_19017,0.1922
1038,EID_17846,0.1933
1039,EID_6418,0.1822
1040,EID_25942,0.191
1041,EID_5420,0.1909
1042,EID_11764,0.1941
1043,EID_16483,0.1969
1044,EID_1901,0.183
1045,EID_21480,0.1873
1046,EID_8006,0.1871
1047,EID_1282,0.1822
1048,EID_6895,0.1854
1049,EID_13677,0.1916
1050,EID_6071,0.1884
1051,EID_14425,0.1889
1052,EID_22685,0.1829
1053,EID_20203,0.191
1054,EID_19161,0.194
1055,EID_1947,0.1805
1056,EID_16574,0.1889
1057,EID_2561,0.1859
1058,EID_20668,0.1876
1059,EID_7831,0.1905
1060,EID_8769,0.1781
1061,EID_25191,0.1886
1062,EID_15590,0.1917
1063,EID_12458,0.1947
1064,EID_11406,0.1877
1065,EID_17629,0.1918
1066,EID_4632,0.1832
1067,EID_18455,0.191
1068,EID_23077,0.1924
1069,EID_25024,0.19
1070,EID_6269,0.1899
1071,EID_12100,0.1931
1072,EID_23190,0.189
1073,EID_9030,0.1893
1074,EID_12359,0.1843
1075,EID_12041,0.1892
1076,EID_2019,0.1819
1077,EID_22974,0.1925
1078,EID_10351,0.185
1079,EID_23630,0.1946
1080,EID_7309,0.187
1081,EID_19821,0.1999
1082,EID_4033,0.1853
1083,EID_3435,0.1852
1084,EID_5759,0.1851
1085,EID_12826,0.1915
1086,EID_8148,0.1906
1087,EID_16088,0.1881
1088,EID_15783,0.1969
1089,EID_19521,0.1977
1090,EID_13016,0.1912
1091,EID_13708,0.1914
1092,EID_4237,0.1879
1093,EID_3620,0.1913
1094,EID_10042,0.189
1095,EID_8833,0.1821
1096,EID_21028,0.1876
1097,EID_3485,0.1838
1098,EID_23372,0.1845
1099,EID_19410,0.1949
1100,EID_6598,0.1923
1101,EID_25371,0.1969
1102,EID_19483,0.1875
1103,EID_22826,0.1871
1104,EID_23606,0.1873
1105,EID_9346,0.1885
1106,EID_1608,0.1863
1107,EID_1603,0.1868
1108,EID_23041,0.1904
1109,EID_7801,0.19
1110,EID_22456,0.1914
1111,EID_24428,0.1901
1112,EID_10811,0.1844
1113,EID_24566,0.1895
1114,EID_2531,0.1856
1115,EID_10878,0.1857
1116,EID_19548,0.1809
1117,EID_11988,0.1913
1118,EID_11378,0.1936
1119,EID_9896,0.1909
1120,EID_17323,0.192
1121,EID_24976,0.1942
1122,EID_11249,0.1901
1123,EID_20395,0.1898
1124,EID_18262,0.1851
1125,EID_14670,0.1959
1126,EID_12880,0.1895
1127,EID_1406,0.1883
1128,EID_23014,0.1903
1129,EID_5224,0.1932
1130,EID_3232,0.1824
1131,EID_22327,0.1882
1132,EID_2285,0.1839
1133,EID_20468,0.1901
1134,EID_4443,0.1814
1135,EID_15641,0.1893
1136,EID_8106,0.1936
1137,EID_13958,0.1917
1138,EID_10214,0.1917
1139,EID_17739,0.1942
1140,EID_13347,0.1944
1141,EID_23453,0.191
1142,EID_1477,0.1902
1143,EID_20224,0.1921
1144,EID_2362,0.1883
1145,EID_21421,0.1952
1146,EID_7860,0.1904
1147,EID_10286,0.1852
1148,EID_7184,0.1826
1149,EID_21742,0.1839
1150,EID_21610,0.1954
1151,EID_19375,0.1962
1152,EID_18564,0.1967
1153,EID_19108,0.1974
1154,EID_17928,0.1865
1155,EID_25613,0.1895
1156,EID_23787,0.1904
1157,EID_2392,0.1916
1158,EID_7574,0.1882
1159,EID_9810,0.1864
1160,EID_14332,0.197
1161,EID_20937,0.1928
1162,EID_7827,0.1888
1163,EID_7457,0.1913
1164,EID_11152,0.1889
1165,EID_12917,0.189
1166,EID_18590,0.2003
1167,EID_15327,0.1921
1168,EID_11687,0.1897
1169,EID_5179,0.1793
1170,EID_5623,0.1937
1171,EID_25331,0.1969
1172,EID_24386,0.194
1173,EID_6507,0.1904
1174,EID_7842,0.1909
1175,EID_12018,0.1935
1176,EID_6640,0.1916
1177,EID_9872,0.1879
1178,EID_2331,0.1901
1179,EID_19685,0.1919
1180,EID_25701,0.1883
1181,EID_25681,0.1933
1182,EID_20151,0.1894
1183,EID_8980,0.1909
1184,EID_12719,0.192
1185,EID_20075,0.1888
1186,EID_14984,0.1873
1187,EID_8177,0.1841
1188,EID_1360,0.1864
1189,EID_24812,0.1972
1190,EID_8480,0.184
1191,EID_14567,0.1882
1192,EID_16194,0.1933
1193,EID_10020,0.195
1194,EID_7321,0.1881
1195,EID_15387,0.1917
1196,EID_19419,0.1956
1197,EID_20496,0.1893
1198,EID_1308,0.1882
1199,EID_14770,0.1889
1200,EID_21893,0.1846
1201,EID_10990,0.1919
1202,EID_17521,0.189
1203,EID_15274,0.1967
1204,EID_24001,0.1916
1205,EID_4111,0.1856
1206,EID_4284,0.1871
1207,EID_19682,0.1895
1208,EID_14871,0.1906
1209,EID_18152,0.1938
1210,EID_12520,0.1884
1211,EID_4739,0.185
1212,EID_8424,0.1858
1213,EID_23600,0.1889
1214,EID_25891,0.1917
1215,EID_11618,0.1891
1216,EID_12674,0.1909
1217,EID_5999,0.1841
1218,EID_18063,0.1854
1219,EID_14859,0.1925
1220,EID_20353,0.1841
1221,EID_22962,0.1962
1222,EID_19650,0.1852
1223,EID_6108,0.1889
1224,EID_19012,0.1949
1225,EID_22925,0.1896
1226,EID_15619,0.1981
1227,EID_19998,0.1895
1228,EID_20052,0.1863
1229,EID_25044,0.194
1230,EID_5422,0.1826
1231,EID_15354,0.1954
1232,EID_3804,0.1808
1233,EID_23277,0.1806
1234,EID_12336,0.1873
1235,EID_24839,0.1901
1236,EID_1651,0.1866
1237,EID_24355,0.1853
1238,EID_24276,0.1963
1239,EID_10346,0.1842
1240,EID_9579,0.181
1241,EID_23242,0.1929
1242,EID_23541,0.1826
1243,EID_14741,0.1861
1244,EID_7783,0.1885
1245,EID_12569,0.195
1246,EID_3834,0.1845
1247,EID_6799,0.1964
1248,EID_15609,0.195
1249,EID_5496,0.189
1250,EID_5080,0.1913
1251,EID_14834,0.1959
1252,EID_18266,0.1928
1253,EID_1182,0.1792
1254,EID_6445,0.185
1255,EID_18656,0.188
1256,EID_24011,0.1887
1257,EID_25093,0.188
1258,EID_11334,0.1856
1259,EID_15785,0.187
1260,EID_8060,0.1801
1261,EID_4349,0.1902
1262,EID_22525,0.1874
1263,EID_1231,0.1922
1264,EID_2127,0.1842
1265,EID_4047,0.1853
1266,EID_12989,0.1908
1267,EID_17726,0.1984
1268,EID_1602,0.1944
1269,EID_5945,0.182
1270,EID_15166,0.1918
1271,EID_25317,0.1948
1272,EID_18848,0.1882
1273,EID_14455,0.1908
1274,EID_9724,0.1941
1275,EID_22697,0.1888
1276,EID_16505,0.1934
1277,EID_11616,0.1885
1278,EID_10352,0.1897
1279,EID_24093,0.1772
1280,EID_11826,0.1868
1281,EID_24211,0.1892
1282,EID_14709,0.1954
1283,EID_18747,0.1934
1284,EID_16077,0.1845
1285,EID_15440,0.1918
1286,EID_4935,0.189
1287,EID_13791,0.1864
1288,EID_16876,0.1936
1289,EID_1335,0.1785
1290,EID_19086,0.1961
1291,EID_12872,0.1897
1292,EID_11623,0.1865
1293,EID_7807,0.1867
1294,EID_9605,0.1887
1295,EID_12736,0.1916
1296,EID_20565,0.185
1297,EID_17225,0.1933
1298,EID_19974,0.1882
1299,EID_16045,0.1939
1300,EID_2082,0.1888
1301,EID_22219,0.1939
1302,EID_19439,0.1868
1303,EID_2979,0.1858
1304,EID_24414,0.1847
1305,EID_15148,0.1949
1306,EID_10690,0.1942
1307,EID_16346,0.1933
1308,EID_22752,0.1937
1309,EID_21746,0.1911
1310,EID_1705,0.182
1311,EID_7498,0.1878
1312,EID_6874,0.1941
1313,EID_4543,0.1931
1314,EID_8931,0.1875
1315,EID_16435,0.1921
1316,EID_16767,0.1948
1317,EID_3058,0.1854
1318,EID_16381,0.1906
1319,EID_17190,0.1871
1320,EID_7079,0.1804
1321,EID_10191,0.1893
1322,EID_1378,0.1857
1323,EID_20222,0.1943
1324,EID_6156,0.187
1325,EID_5975,0.1852
1326,EID_18682,0.1914
1327,EID_8837,0.1831
1328,EID_24686,0.1927
1329,EID_9869,0.1972
1330,EID_14673,0.1897
1331,EID_14443,0.1858
1332,EID_21591,0.1912
1333,EID_25240,0.1915
1334,EID_18365,0.1964
1335,EID_9260,0.1942
1336,EID_10696,0.1874
1337,EID_18012,0.1881
1338,EID_17421,0.1949
1339,EID_23615,0.1895
1340,EID_14132,0.1864
1341,EID_13168,0.1882
1342,EID_16973,0.1918
1343,EID_13426,0.1908
1344,EID_1493,0.1827
1345,EID_3994,0.1869
1346,EID_10574,0.1866
1347,EID_12394,0.1957
1348,EID_4781,0.1852
1349,EID_24911,0.1964
1350,EID_3205,0.1832
1351,EID_25568,0.1901
1352,EID_4343,0.1862
1353,EID_4330,0.1845
1354,EID_12518,0.1897
1355,EID_18426,0.195
1356,EID_3862,0.1865
1357,EID_13478,0.1927
1358,EID_5607,0.1869
1359,EID_22353,0.1907
1360,EID_18346,0.1904
1361,EID_5978,0.1939
1362,EID_3391,0.1857
1363,EID_8525,0.1827
1364,EID_5245,0.1813
1365,EID_11791,0.1872
1366,EID_22913,0.1837
1367,EID_15587,0.1938
1368,EID_4851,0.1936
1369,EID_3432,0.1842
1370,EID_13090,0.1831
1371,EID_15117,0.192
1372,EID_22004,0.1887
1373,EID_16053,0.1949
1374,EID_16458,0.1937
1375,EID_8021,0.1907
1376,EID_24385,0.1872
1377,EID_7053,0.1917
1378,EID_13544,0.1884
1379,EID_9014,0.1883
1380,EID_9246,0.1781
1381,EID_15642,0.1947
1382,EID_12295,0.186
1383,EID_7925,0.1868
1384,EID_18473,0.1911
1385,EID_19427,0.1791
1386,EID_17027,0.188
1387,EID_22093,0.1919
1388,EID_25611,0.19
1389,EID_20490,0.1899
1390,EID_4204,0.1881
1391,EID_2604,0.1812
1392,EID_16152,0.196
1393,EID_8563,0.193
1394,EID_18620,0.1919
1395,EID_11012,0.1892
1396,EID_19598,0.1912
1397,EID_13159,0.185
1398,EID_13171,0.1866
1399,EID_8374,0.1811
1400,EID_9838,0.1881
1401,EID_18489,0.1925
1402,EID_17451,0.1952
1403,EID_7269,0.1905
1404,EID_20548,0.1867
1405,EID_9466,0.1811
1406,EID_16085,0.1969
1407,EID_24082,0.191
1408,EID_5078,0.185
1409,EID_23951,0.1928
1410,EID_8327,0.1858
1411,EID_5904,0.1903
1412,EID_11085,0.1869
1413,EID_21437,0.1919
1414,EID_7471,0.1913
1415,EID_12046,0.1919
1416,EID_18653,0.1958
1417,EID_14175,0.1923
1418,EID_5514,0.1917
1419,EID_20148,0.187
1420,EID_14260,0.1929
1421,EID_15574,0.1876
1422,EID_7287,0.1907
1423,EID_18889,0.196
1424,EID_13106,0.1872
1425,EID_15448,0.1927
1426,EID_25897,0.1932
1427,EID_23758,0.1883
1428,EID_23208,0.1936
1429,EID_13646,0.1888
1430,EID_5467,0.1861
1431,EID_6022,0.184
1432,EID_10923,0.1919
1433,EID_10408,0.1931
1434,EID_4186,0.1836
1435,EID_22022,0.1857
1436,EID_16390,0.1965
1437,EID_19493,0.195
1438,EID_12519,0.1922
1439,EID_23549,0.1916
1440,EID_17612,0.1978
1441,EID_25007,0.1903
1442,EID_1949,0.1863
1443,EID_23313,0.1879
1444,EID_22516,0.1822
1445,EID_21836,0.1867
1446,EID_7268,0.192
1447,EID_8202,0.1922
1448,EID_6613,0.1935
1449,EID_2596,0.1835
1450,EID_19849,0.1891
1451,EID_11546,0.1956
1452,EID_3942,0.1821
1453,EID_7899,0.1926
1454,EID_4802,0.1856
1455,EID_6725,0.1869
1456,EID_3835,0.1839
1457,EID_9511,0.1837
1458,EID_5757,0.1921
1459,EID_24838,0.192
1460,EID_15225,0.1959
1461,EID_8238,0.1846
1462,EID_2826,0.1875
1463,EID_20774,0.1878
1464,EID_19311,0.1849
1465,EID_12339,0.1931
1466,EID_1583,0.1914
1467,EID_1033,0.1838
1468,EID_10764,0.1881
1469,EID_17203,0.1966
1470,EID_1345,0.1786
1471,EID_4951,0.1893
1472,EID_16956,0.1884
1473,EID_9203,0.1857
1474,EID_7021,0.1891
1475,EID_8707,0.1849
1476,EID_5209,0.1844
1477,EID_20428,0.1898
1478,EID_10913,0.1956
1479,EID_11507,0.187
1480,EID_3693,0.1877
1481,EID_22857,0.1935
1482,EID_18744,0.1953
1483,EID_19600,0.1924
1484,EID_21336,0.1913
1485,EID_17676,0.1892
1486,EID_1678,0.1823
1487,EID_4889,0.1817
1488,EID_9961,0.1927
1489,EID_23386,0.1936
1490,EID_19835,0.1878
1491,EID_9519,0.1853
1492,EID_5449,0.1876
1493,EID_20640,0.1848
1494,EID_16387,0.192
1495,EID_20293,0.1912
1496,EID_2296,0.1867
1497,EID_11827,0.1901
1498,EID_21522,0.1919
1499,EID_2767,0.1803
1500,EID_2873,0.1866
1501,EID_2603,0.1844
1502,EID_2674,0.1803
1503,EID_23682,0.1871
1504,EID_13310,0.1919
1505,EID_6523,0.1861
1506,EID_13056,0.1965
1507,EID_7244,0.1898
1508,EID_1072,0.1845
1509,EID_25833,0.1911
1510,EID_11244,0.1908
1511,EID_22918,0.1898
1512,EID_16735,0.1969
1513,EID_4201,0.1874
1514,EID_5998,0.1869
1515,EID_19254,0.1934
1516,EID_16653,0.1947
1517,EID_11729,0.1943
1518,EID_19573,0.1888
1519,EID_21463,0.1863
1520,EID_5899,0.1881
1521,EID_23613,0.1907
1522,EID_8609,0.1862
1523,EID_2660,0.185
1524,EID_1333,0.1864
1525,EID_3212,0.1871
1526,EID_7830,0.1869
1527,EID_4372,0.183
1528,EID_15955,0.1937
1529,EID_22059,0.1867
1530,EID_22804,0.1909
1531,EID_4700,0.1843
1532,EID_14401,0.1912
1533,EID_19971,0.1982
1534,EID_10684,0.1884
1535,EID_21512,0.1854
1536,EID_16722,0.19
1537,EID_16012,0.189
1538,EID_19093,0.192
1539,EID_25636,0.1952
1540,EID_10567,0.192
1541,EID_11601,0.1911
1542,EID_25697,0.1947
1543,EID_22131,0.1897
1544,EID_8511,0.1877
1545,EID_18114,0.1926
1546,EID_12784,0.1921
1547,EID_12820,0.1914
1548,EID_4512,0.1811
1549,EID_5837,0.1844
1550,EID_12564,0.191
1551,EID_16737,0.1902
1552,EID_25986,0.1947
1553,EID_8729,0.1912
1554,EID_4386,0.1861
1555,EID_5223,0.1859
1556,EID_1494,0.1847
1557,EID_22699,0.1895
1558,EID_1083,0.184
1559,EID_1329,0.1788
1560,EID_3550,0.1872
1561,EID_18845,0.1944
1562,EID_17946,0.1976
1563,EID_1712,0.1798
1564,EID_12024,0.1922
1565,EID_2974,0.1843
1566,EID_12806,0.1933
1567,EID_10396,0.1924
1568,EID_3998,0.182
1569,EID_22451,0.1846
1570,EID_12242,0.186
1571,EID_18599,0.1961
1572,EID_9423,0.1846
1573,EID_25347,0.1851
1574,EID_20183,0.1944
1575,EID_18079,0.1952
1576,EID_10059,0.1856
1577,EID_1322,0.1826
1578,EID_18109,0.1958
1579,EID_7325,0.1892
1580,EID_6000,0.1864
1581,EID_10760,0.1898
1582,EID_24380,0.1928
1583,EID_7070,0.185
1584,EID_2796,0.1829
1585,EID_18860,0.1905
1586,EID_13597,0.1922
1587,EID_6858,0.1852
1588,EID_14987,0.1931
1589,EID_8902,0.1964
1590,EID_9453,0.1871
1591,EID_20605,0.1883
1592,EID_16020,0.1884
1593,EID_6335,0.1794
1594,EID_1317,0.1848
1595,EID_5575,0.1897
1596,EID_17433,0.1891
1597,EID_6238,0.1856
1598,EID_10734,0.1878
1599,EID_7661,0.1869
1600,EID_9281,0.1805
1601,EID_19259,0.1983
1602,EID_9544,0.1853
1603,EID_2572,0.1892
1604,EID_12706,0.1899
1605,EID_20500,0.1916
1606,EID_19258,0.1956
1607,EID_15915,0.1937
1608,EID_25265,0.1924
1609,EID_16567,0.1954
1610,EID_19553,0.1939
1611,EID_25403,0.1889
1612,EID_10354,0.1918
1613,EID_19522,0.1905
1614,EID_20132,0.1918
1615,EID_3363,0.1869
1616,EID_15253,0.1942
1617,EID_8368,0.1915
1618,EID_3883,0.188
1619,EID_7323,0.1872
1620,EID_16203,0.1969
1621,EID_9080,0.1898
1622,EID_12266,0.1882
1623,EID_13777,0.1872
1624,EID_24876,0.1886
1625,EID_11961,0.195
1626,EID_25871,0.1833
1627,EID_3563,0.1888
1628,EID_3377,0.1838
1629,EID_19924,0.1906
1630,EID_4070,0.1863
1631,EID_7727,0.1904
1632,EID_2253,0.1865
1633,EID_5056,0.1858
1634,EID_16751,0.1963
1635,EID_2105,0.184
1636,EID_14078,0.1939
1637,EID_18779,0.1958
1638,EID_2218,0.1908
1639,EID_6130,0.1883
1640,EID_21722,0.1892
1641,EID_17748,0.1951
1642,EID_21322,0.1896
1643,EID_6016,0.1917
1644,EID_20480,0.1865
1645,EID_18843,0.1946
1646,EID_7336,0.1893
1647,EID_4455,0.185
1648,EID_15206,0.191
1649,EID_15582,0.1904
1650,EID_22381,0.1885
1651,EID_22606,0.1829
1652,EID_12159,0.1946
1653,EID_10027,0.1895
1654,EID_4107,0.183
1655,EID_18932,0.1908
1656,EID_1321,0.1853
1657,EID_7759,0.1862
1658,EID_21961,0.1851
1659,EID_15289,0.1948
1660,EID_23069,0.192
1661,EID_17187,0.1941
1662,EID_25372,0.1853
1663,EID_9787,0.1914
1664,EID_9797,0.1937
1665,EID_10831,0.1917
1666,EID_24620,0.1877
1667,EID_8715,0.1884
1668,EID_13459,0.1929
1669,EID_14031,0.1955
1670,EID_14541,0.1897
1671,EID_12395,0.1923
1672,EID_7150,0.1877
1673,EID_14422,0.1915
1674,EID_19060,0.1957
1675,EID_9338,0.1862
1676,EID_21042,0.1923
1677,EID_8011,0.1849
1678,EID_8102,0.1906
1679,EID_11068,0.1889
1680,EID_15461,0.1929
1681,EID_18509,0.1956
1682,EID_5796,0.1909
1683,EID_19905,0.1867
1684,EID_21609,0.1939
1685,EID_14873,0.1852
1686,EID_8033,0.1832
1687,EID_21354,0.1928
1688,EID_16377,0.1964
1689,EID_10566,0.1946
1690,EID_4791,0.1804
1691,EID_20944,0.1968
1692,EID_24913,0.1885
1693,EID_3868,0.1785
1694,EID_10611,0.1954
1695,EID_21702,0.1908
1696,EID_9472,0.1822
1697,EID_10746,0.1843
1698,EID_17717,0.1982
1699,EID_18535,0.1916
1700,EID_23706,0.1873
1701,EID_7039,0.1832
1702,EID_23797,0.1945
1703,EID_1574,0.1821
1704,EID_5931,0.19
1705,EID_6468,0.1924
1706,EID_15805,0.1972
1707,EID_2988,0.1871
1708,EID_21966,0.1904
1709,EID_16571,0.1913
1710,EID_10082,0.1888
1711,EID_8359,0.1919
1712,EID_3200,0.1834
1713,EID_2206,0.1881
1714,EID_14234,0.1893
1715,EID_12498,0.1863
1716,EID_12009,0.1911
1717,EID_12486,0.1825
1718,EID_2679,0.1914
1719,EID_25329,0.1937
1720,EID_18268,0.1915
1721,EID_18253,0.1868
1722,EID_11915,0.1939
1723,EID_2503,0.1791
1724,EID_22110,0.1897
1725,EID_9344,0.1949
1726,EID_17568,0.1862
1727,EID_1445,0.1874
1728,EID_12971,0.186
1729,EID_14129,0.1834
1730,EID_22888,0.1939
1731,EID_17510,0.1925
1732,EID_11722,0.1919
1733,EID_18542,0.1875
1734,EID_13158,0.1931
1735,EID_2810,0.1902
1736,EID_16559,0.1945
1737,EID_1124,0.1855
1738,EID_2137,0.1813
1739,EID_13145,0.1894
1740,EID_14181,0.1909
1741,EID_24695,0.1834
1742,EID_21367,0.1942
1743,EID_13213,0.1881
1744,EID_15852,0.1868
1745,EID_9531,0.1917
1746,EID_6197,0.1875
1747,EID_20012,0.1911
1748,EID_10381,0.1914
1749,EID_9136,0.1874
1750,EID_12063,0.1876
1751,EID_22318,0.1919
1752,EID_24047,0.1936
1753,EID_5834,0.1935
1754,EID_4763,0.1811
1755,EID_24096,0.1925
1756,EID_13825,0.1933
1757,EID_14326,0.1933
1758,EID_10111,0.1895
1759,EID_23362,0.1846
1760,EID_8682,0.1842
1761,EID_18727,0.1902
1762,EID_20725,0.1939
1763,EID_15976,0.1863
1764,EID_17626,0.1916
1765,EID_13302,0.1849
1766,EID_11333,0.1928
1767,EID_12305,0.1882
1768,EID_4987,0.1936
1769,EID_12132,0.1869
1770,EID_14163,0.1856
1771,EID_15666,0.1953
1772,EID_19257,0.1914
1773,EID_1591,0.1856
1774,EID_5610,0.1857
1775,EID_4835,0.1862
1776,EID_5060,0.1889
1777,EID_15897,0.1917
1778,EID_9771,0.1946
1779,EID_11486,0.1912
1780,EID_14583,0.1912
1781,EID_17832,0.1871
1782,EID_6876,0.1934
1783,EID_18560,0.1929
1784,EID_1091,0.1884
1785,EID_3837,0.1851
1786,EID_8508,0.1914
1787,EID_23640,0.1917
1788,EID_13280,0.1916
1789,EID_3352,0.1807
1790,EID_13404,0.1888
1791,EID_23565,0.1897
1792,EID_24526,0.1906
1793,EID_9254,0.1849
1794,EID_8916,0.1794
1795,EID_15227,0.1906
1796,EID_11672,0.1909
1797,EID_8926,0.181
1798,EID_25125,0.1931
1799,EID_3170,0.1837
1800,EID_24612,0.1867
1801,EID_23932,0.1925
1802,EID_11554,0.1911
1803,EID_19854,0.1866
1804,EID_16362,0.1917
1805,EID_13195,0.1909
1806,EID_25559,0.1937
1807,EID_18526,0.1973
1808,EID_23226,0.1808
1809,EID_5873,0.191
1810,EID_11286,0.187
1811,EID_7573,0.192
1812,EID_11669,0.1899
1813,EID_12639,0.1922
1814,EID_12309,0.191
1815,EID_17566,0.1934
1816,EID_3644,0.1856
1817,EID_9921,0.1876
1818,EID_14703,0.1915
1819,EID_19366,0.1958
1820,EID_12449,0.1949
1821,EID_24591,0.1926
1822,EID_4698,0.1866
1823,EID_17657,0.1931
1824,EID_24446,0.1967
1825,EID_18528,0.1937
1826,EID_8868,0.1901
1827,EID_5820,0.1863
1828,EID_24215,0.1887
1829,EID_19176,0.1984
1830,EID_6578,0.1887
1831,EID_9672,0.1912
1832,EID_10702,0.1908
1833,EID_4741,0.1907
1834,EID_24067,0.1882
1835,EID_2416,0.1874
1836,EID_12089,0.1939
1837,EID_8392,0.1933
1838,EID_16766,0.1951
1839,EID_23137,0.182
1840,EID_24704,0.1898
1841,EID_13184,0.191
1842,EID_21642,0.1927
1843,EID_8050,0.1907
1844,EID_20432,0.1883
1845,EID_14456,0.1942
1846,EID_7769,0.1853
1847,EID_14077,0.1909
1848,EID_17805,0.1855
1849,EID_14927,0.1918
1850,EID_7995,0.193
1851,EID_2297,0.1836
1852,EID_7960,0.1847
1853,EID_9481,0.1931
1854,EID_2781,0.1902
1855,EID_25571,0.1929
1856,EID_12462,0.197
1857,EID_17761,0.1944
1858,EID_22310,0.1939
1859,EID_15161,0.1926
1860,EID_3361,0.1847
1861,EID_2166,0.1813
1862,EID_1515,0.1877
1863,EID_13787,0.1954
1864,EID_23496,0.1916
1865,EID_7820,0.1909
1866,EID_14433,0.197
1867,EID_9405,0.1924
1868,EID_4195,0.1857
1869,EID_24190,0.1924
1870,EID_20400,0.185
1871,EID_16111,0.1964
1872,EID_5502,0.187
1873,EID_17381,0.1967
1874,EID_22435,0.185
1875,EID_3060,0.189
1876,EID_19197,0.1948
1877,EID_13311,0.1914
1878,EID_14282,0.1886
1879,EID_5849,0.1843
1880,EID_19845,0.1854
1881,EID_6965,0.1903
1882,EID_5048,0.1912
1883,EID_13766,0.1887
1884,EID_22269,0.1889
1885,EID_4363,0.1814
1886,EID_12215,0.1916
1887,EID_14479,0.1876
1888,EID_7348,0.1892
1889,EID_25664,0.1874
1890,EID_4940,0.1837
1891,EID_6877,0.191
1892,EID_8337,0.1923
1893,EID_1775,0.1834
1894,EID_13938,0.1913
1895,EID_12735,0.1865
1896,EID_16138,0.19
1897,EID_18586,0.1918
1898,EID_16650,0.1889
1899,EID_18259,0.1878
1900,EID_19144,0.1934
1901,EID_4483,0.1856
1902,EID_10929,0.1897
1903,EID_19882,0.1801
1904,EID_3779,0.18
1905,EID_18678,0.1921
1906,EID_7168,0.1912
1907,EID_23279,0.1932
1908,EID_17008,0.1893
1909,EID_2795,0.1909
1910,EID_1833,0.1903
1911,EID_21026,0.1882
1912,EID_20322,0.1925
1913,EID_10026,0.1911
1914,EID_7742,0.1934
1915,EID_21792,0.1905
1916,EID_14341,0.1962
1917,EID_24634,0.1918
1918,EID_3379,0.1867
1919,EID_20627,0.1914
1920,EID_8572,0.1909
1921,EID_15104,0.1869
1922,EID_12426,0.1895
1923,EID_17588,0.1975
1924,EID_20961,0.1893
1925,EID_23260,0.1867
1926,EID_7213,0.189
1927,EID_11851,0.1933
1928,EID_5696,0.184
1929,EID_23011,0.1919
1930,EID_2035,0.1883
1931,EID_22461,0.1928
1932,EID_23215,0.1904
1933,EID_6913,0.1864
1934,EID_5739,0.1896
1935,EID_19814,0.195
1936,EID_20320,0.1847
1937,EID_2043,0.1837
1938,EID_21992,0.1874
1939,EID_9324,0.1874
1940,EID_3863,0.1883
1941,EID_7513,0.184
1942,EID_11120,0.1912
1943,EID_6548,0.1914
1944,EID_23957,0.1872
1945,EID_11408,0.1874
1946,EID_24638,0.1903
1947,EID_3908,0.1856
1948,EID_17023,0.1868
1949,EID_10902,0.193
1950,EID_3543,0.1804
1951,EID_3633,0.1836
1952,EID_3394,0.1842
1953,EID_8619,0.1865
1954,EID_13424,0.1894
1955,EID_15405,0.1931
1956,EID_21727,0.1878
1957,EID_18916,0.1944
1958,EID_3335,0.1901
1959,EID_2811,0.1831
1960,EID_8620,0.1814
1961,EID_3249,0.1861
1962,EID_22140,0.1833
1963,EID_18934,0.1853
1964,EID_24271,0.1924
1965,EID_2164,0.1816
1966,EID_22961,0.1885
1967,EID_25318,0.1841
1968,EID_23064,0.1888
1969,EID_1056,0.184
1970,EID_4389,0.1854
1971,EID_6949,0.1845
1972,EID_16133,0.189
1973,EID_8023,0.1913
1974,EID_19426,0.1861
1975,EID_12895,0.1934
1976,EID_17667,0.1939
1977,EID_14826,0.1977
1978,EID_8807,0.1879
1979,EID_13977,0.1873
1980,EID_11167,0.1933
1981,EID_22535,0.1872
1982,EID_5357,0.1864
1983,EID_1450,0.1869
1984,EID_24647,0.1878
1985,EID_1516,0.1865
1986,EID_10122,0.1854
1987,EID_2423,0.1934
1988,EID_4276,0.1866
1989,EID_10610,0.1882
1990,EID_5840,0.1847
1991,EID_19117,0.1996
1992,EID_1753,0.1868
1993,EID_11679,0.1908
1994,EID_12425,0.193
1995,EID_21118,0.1858
1996,EID_1348,0.1838
1997,EID_3143,0.1784
1998,EID_12153,0.1927
1999,EID_22834,0.193
2000,EID_14978,0.1916
2001,EID_23361,0.1951
2002,EID_5207,0.182
2003,EID_8395,0.1845
2004,EID_2440,0.1912
2005,EID_14196,0.1978
2006,EID_16684,0.1902
2007,EID_22520,0.1919
2008,EID_14689,0.1867
2009,EID_22890,0.181
2010,EID_18695,0.1863
2011,EID_1275,0.1829
2012,EID_6033,0.1935
2013,EID_25616,0.1939
2014,EID_6190,0.1842
2015,EID_2964,0.1824
2016,EID_24869,0.1869
2017,EID_3319,0.1896
2018,EID_15857,0.1915
2019,EID_4615,0.1845
2020,EID_23926,0.1851
2021,EID_15506,0.1912
2022,EID_4168,0.1796
2023,EID_23593,0.1919
2024,EID_3108,0.1882
2025,EID_22846,0.1852
2026,EID_12618,0.1872
2027,EID_20341,0.1919
2028,EID_15441,0.1961
2029,EID_20278,0.1877
2030,EID_19511,0.1874
2031,EID_7832,0.1854
2032,EID_7775,0.1879
2033,EID_9409,0.1872
2034,EID_11483,0.1907
2035,EID_6657,0.1918
2036,EID_10338,0.1932
2037,EID_7683,0.1838
2038,EID_11854,0.1949
2039,EID_17102,0.1967
2040,EID_9882,0.1908
2041,EID_19326,0.2011
2042,EID_1670,0.1837
2043,EID_17455,0.1968
2044,EID_24867,0.1899
2045,EID_22972,0.182
2046,EID_4679,0.1835
2047,EID_7172,0.1836
2048,EID_7401,0.1924
2049,EID_13199,0.1935
2050,EID_12244,0.1931
2051,EID_12771,0.1921
2052,EID_7230,0.1855
2053,EID_19736,0.192
2054,EID_2755,0.1834
2055,EID_19126,0.1884
2056,EID_20949,0.1859
2057,EID_4573,0.1846
2058,EID_23671,0.19
2059,EID_11580,0.1851
2060,EID_15600,0.1902
2061,EID_17577,0.1904
2062,EID_6773,0.1793
2063,EID_9565,0.1821
2064,EID_13401,0.188
2065,EID_17438,0.198
2066,EID_7604,0.1862
2067,EID_1215,0.1905
2068,EID_24765,0.1932
2069,EID_2084,0.1873
2070,EID_17898,0.19
2071,EID_9752,0.1922
2072,EID_19867,0.1957
2073,EID_5430,0.1852
2074,EID_22617,0.1864
2075,EID_23590,0.1828
2076,EID_11131,0.1898
2077,EID_1623,0.185
2078,EID_25390,0.1819
2079,EID_23316,0.1892
2080,EID_11595,0.1881
2081,EID_10827,0.1952
2082,EID_14787,0.1928
2083,EID_18290,0.1925
2084,EID_17889,0.1871
2085,EID_7936,0.1824
2086,EID_12044,0.1936
2087,EID_8205,0.1821
2088,EID_22950,0.1867
2089,EID_4965,0.1897
2090,EID_24073,0.1947
2091,EID_4946,0.1862
2092,EID_14618,0.196
2093,EID_17692,0.1892
2094,EID_23220,0.1906
2095,EID_24364,0.1878
2096,EID_20216,0.1809
2097,EID_24865,0.1872
2098,EID_11009,0.1843
2099,EID_6889,0.1895
2100,EID_10375,0.1949
2101,EID_11917,0.1921
2102,EID_25323,0.1879
2103,EID_21841,0.1917
2104,EID_25278,0.1906
2105,EID_17857,0.195
2106,EID_2991,0.1874
2107,EID_23822,0.1781
2108,EID_12098,0.1853
2109,EID_14665,0.194
2110,EID_25373,0.1929
2111,EID_22143,0.1836
2112,EID_4000,0.1815
2113,EID_2951,0.1824
2114,EID_8610,0.187
2115,EID_6998,0.1878
2116,EID_21972,0.193
2117,EID_3582,0.179
2118,EID_18220,0.1905
2119,EID_12381,0.1912
2120,EID_15689,0.1895
2121,EID_12239,0.1916
2122,EID_3987,0.1797
2123,EID_20164,0.1938
2124,EID_1654,0.1863
2125,EID_25583,0.1948
2126,EID_22736,0.1884
2127,EID_22169,0.1883
2128,EID_9495,0.1871
2129,EID_2465,0.1899
2130,EID_1659,0.1841
2131,EID_4509,0.1796
2132,EID_15264,0.1931
2133,EID_9494,0.1914
2134,EID_23657,0.1935
2135,EID_10376,0.1884
2136,EID_25277,0.1919
2137,EID_15121,0.1936
2138,EID_14760,0.1947
2139,EID_9160,0.1945
2140,EID_18574,0.1934
2141,EID_2977,0.1851
2142,EID_4745,0.1905
2143,EID_6762,0.178
2144,EID_2682,0.1831
2145,EID_19172,0.1958
2146,EID_1013,0.192
2147,EID_1242,0.1845
2148,EID_10336,0.1897
2149,EID_11247,0.1897
2150,EID_4631,0.1834
2151,EID_21660,0.1844
2152,EID_6752,0.1879
2153,EID_14409,0.1881
2154,EID_21720,0.1866
2155,EID_14495,0.1941
2156,EID_15348,0.1952
2157,EID_9610,0.1895
2158,EID_10629,0.1882
2159,EID_10182,0.1936
2160,EID_10598,0.1866
2161,EID_11065,0.1931
2162,EID_16129,0.1862
2163,EID_15572,0.1935
2164,EID_21059,0.1869
2165,EID_7812,0.1882
2166,EID_15162,0.1939
2167,EID_6911,0.1828
2168,EID_17591,0.1888
2169,EID_22638,0.1902
2170,EID_3217,0.1899
2171,EID_10116,0.1881
2172,EID_23199,0.1866
2173,EID_18844,0.1965
2174,EID_19931,0.1952
2175,EID_22215,0.1807
2176,EID_14623,0.191
2177,EID_7884,0.1871
2178,EID_3197,0.1773
2179,EID_11291,0.1847
2180,EID_3320,0.1843
2181,EID_12585,0.185
2182,EID_13592,0.1916
2183,EID_11264,0.1841
2184,EID_6997,0.1915
2185,EID_2327,0.1841
2186,EID_9340,0.1844
2187,EID_14544,0.1892
2188,EID_13055,0.19
2189,EID_14014,0.188
2190,EID_7429,0.1885
2191,EID_19008,0.1937
2192,EID_14283,0.194
2193,EID_10882,0.1959
2194,EID_5194,0.1898
2195,EID_23844,0.1994
2196,EID_22628,0.1992
2197,EID_10033,0.1896
2198,EID_13281,0.1959
2199,EID_23871,0.1958
2200,EID_3621,0.1934
2201,EID_12968,0.1906
2202,EID_5819,0.1837
2203,EID_6694,0.1877
2204,EID_17656,0.1987
2205,EID_8888,0.1891
2206,EID_14552,0.1939
2207,EID_15342,0.1947
2208,EID_7728,0.1911
2209,EID_10331,0.1879
2210,EID_5479,0.1876
2211,EID_25526,0.1873
2212,EID_12348,0.1928
2213,EID_6196,0.1795
2214,EID_3619,0.1912
2215,EID_11280,0.1894
2216,EID_18119,0.1879
2217,EID_18058,0.1972
2218,EID_20911,0.1939
2219,EID_19840,0.1983
2220,EID_11808,0.1972
2221,EID_16265,0.1863
2222,EID_25976,0.1859
2223,EID_3872,0.1897
2224,EID_23029,0.1866
2225,EID_11745,0.1856
2226,EID_9556,0.1802
2227,EID_19748,0.1941
2228,EID_23253,0.1845
2229,EID_16237,0.1946
2230,EID_11694,0.1871
2231,EID_12824,0.1864
2232,EID_12797,0.1877
2233,EID_3524,0.186
2234,EID_10559,0.1942
2235,EID_22844,0.1912
2236,EID_22281,0.1811
2237,EID_9535,0.1845
2238,EID_1642,0.1887
2239,EID_17630,0.1981
2240,EID_15083,0.1924
2241,EID_2690,0.1828
2242,EID_12199,0.188
2243,EID_3449,0.1925
2244,EID_12097,0.1938
2245,EID_23272,0.196
2246,EID_6890,0.1886
2247,EID_2438,0.1882
2248,EID_6508,0.1893
2249,EID_10772,0.1866
2250,EID_6076,0.1852
2251,EID_3045,0.1868
2252,EID_24779,0.1901
2253,EID_12553,0.1966
2254,EID_24984,0.1892
2255,EID_17157,0.1939
2256,EID_11823,0.1907
2257,EID_4765,0.1891
2258,EID_16143,0.1877
2259,EID_19658,0.1874
2260,EID_12035,0.1887
2261,EID_3481,0.1908
2262,EID_12776,0.1908
2263,EID_21160,0.1869
2264,EID_11127,0.1876
2265,EID_11784,0.1956
2266,EID_17458,0.1934
2267,EID_15653,0.1856
2268,EID_25399,0.1948
2269,EID_8799,0.1879
2270,EID_14529,0.1883
2271,EID_19407,0.1967
2272,EID_8224,0.1879
2273,EID_21582,0.1988
2274,EID_14807,0.1859
2275,EID_17338,0.196
2276,EID_10635,0.185
2277,EID_16300,0.1971
2278,EID_5155,0.1833
2279,EID_11136,0.1845
2280,EID_7716,0.1918
2281,EID_13041,0.1942
2282,EID_1572,0.1825
2283,EID_2382,0.178
2284,EID_4568,0.1888
2285,EID_25153,0.1966
2286,EID_20523,0.1988
2287,EID_2332,0.1919
2288,EID_6143,0.185
2289,EID_19549,0.1944
2290,EID_24568,0.1914
2291,EID_23211,0.1817
2292,EID_2342,0.1877
2293,EID_2922,0.1791
2294,EID_6026,0.1923
2295,EID_10107,0.1867
2296,EID_14855,0.1906
2297,EID_18780,0.1927
2298,EID_10578,0.1865
2299,EID_3842,0.1862
2300,EID_10225,0.1877
2301,EID_15275,0.1903
2302,EID_10740,0.1856
2303,EID_9483,0.1903
2304,EID_11262,0.1925
2305,EID_24388,0.1899
2306,EID_19271,0.1942
2307,EID_15363,0.1953
2308,EID_16555,0.191
2309,EID_7387,0.1869
2310,EID_2692,0.1876
2311,EID_19754,0.1875
2312,EID_10859,0.1902
2313,EID_16618,0.1944
2314,EID_1697,0.1797
2315,EID_3764,0.1857
2316,EID_4502,0.1808
2317,EID_19240,0.191
2318,EID_22590,0.1894
2319,EID_14056,0.1949
2320,EID_20697,0.1943
2321,EID_2505,0.1852
2322,EID_23288,0.1922
2323,EID_23373,0.1901
2324,EID_18878,0.1918
2325,EID_11857,0.1874
2326,EID_25945,0.1861
2327,EID_18242,0.19
2328,EID_22823,0.1853
2329,EID_5625,0.1915
2330,EID_6702,0.188
2331,EID_24252,0.1882
2332,EID_12704,0.1934
2333,EID_1770,0.1847
2334,EID_10159,0.1893
2335,EID_3702,0.1814
2336,EID_2688,0.1918
2337,EID_19784,0.1951
2338,EID_3636,0.1876
2339,EID_14537,0.1935
2340,EID_4878,0.1906
2341,EID_10260,0.1928
2342,EID_5154,0.1862
2343,EID_21206,0.1905
2344,EID_15511,0.1939
2345,EID_8010,0.1887
2346,EID_6249,0.1859
2347,EID_7392,0.1836
2348,EID_18362,0.193
2349,EID_14147,0.1928
2350,EID_24826,0.1898
2351,EID_10862,0.1937
2352,EID_3088,0.1847
2353,EID_2871,0.1915
2354,EID_22681,0.1886
2355,EID_3720,0.1834
2356,EID_21540,0.1914
2357,EID_3516,0.1858
2358,EID_10969,0.1933
2359,EID_11396,0.197
2360,EID_11407,0.1931
2361,EID_19264,0.193
2362,EID_12406,0.1915
2363,EID_19440,0.1799
2364,EID_22729,0.1909
2365,EID_21143,0.1902
2366,EID_19936,0.1935
2367,EID_13997,0.1873
2368,EID_15533,0.1891
2369,EID_22065,0.2004
2370,EID_6600,0.1866
2371,EID_15316,0.1978
2372,EID_10721,0.1904
2373,EID_20630,0.1932
2374,EID_17720,0.1917
2375,EID_7692,0.1915
2376,EID_25004,0.185
2377,EID_1804,0.1811
2378,EID_25207,0.1963
2379,EID_7638,0.1847
2380,EID_8179,0.1885
2381,EID_23406,0.1917
2382,EID_19285,0.1899
2383,EID_15333,0.1953
2384,EID_9685,0.1881
2385,EID_15725,0.1917
2386,EID_8302,0.1837
2387,EID_10726,0.1932
2388,EID_6168,0.1892
2389,EID_16711,0.1926
2390,EID_24881,0.1992
2391,EID_15281,0.1897
2392,EID_17428,0.1938
2393,EID_2814,0.1834
2394,EID_8717,0.1899
2395,EID_4395,0.1895
2396,EID_22871,0.1782
2397,EID_22152,0.1947
2398,EID_23649,0.1846
2399,EID_24748,0.1872
2400,EID_25426,0.1861
2401,EID_13986,0.1909
2402,EID_19704,0.1883
2403,EID_15554,0.1966
2404,EID_23100,0.1929
2405,EID_25408,0.1946
2406,EID_15870,0.1874
2407,EID_4048,0.1932
2408,EID_12712,0.186
2409,EID_1937,0.1817
2410,EID_14246,0.1953
2411,EID_2569,0.1874
2412,EID_6228,0.1867
2413,EID_21309,0.1907
2414,EID_16971,0.1913
2415,EID_25273,0.1841
2416,EID_8968,0.1826
2417,EID_21475,0.193
2418,EID_1982,0.1804
2419,EID_23627,0.1849
2420,EID_14209,0.1917
2421,EID_22365,0.1957
2422,EID_21031,0.1892
2423,EID_16883,0.1909
2424,EID_15734,0.1901
2425,EID_20840,0.1852
2426,EID_20792,0.1872
2427,EID_2652,0.1836
2428,EID_3079,0.1903
2429,EID_1425,0.1809
2430,EID_17271,0.1884
2431,EID_22724,0.194
2432,EID_23964,0.1956
2433,EID_9333,0.1863
2434,EID_12374,0.1886
2435,EID_25107,0.1972
2436,EID_22869,0.191
2437,EID_18753,0.1898
2438,EID_16805,0.1891
2439,EID_19994,0.1825
2440,EID_3004,0.1834
2441,EID_12616,0.1932
2442,EID_6090,0.1907
2443,EID_3303,0.1876
2444,EID_9435,0.1938
2445,EID_1838,0.1791
2446,EID_15681,0.1891
2447,EID_17496,0.1972
2448,EID_8456,0.1838
2449,EID_23174,0.1926
2450,EID_8285,0.1894
2451,EID_6547,0.1878
2452,EID_23648,0.1876
2453,EID_7958,0.1835
2454,EID_19299,0.1911
2455,EID_8699,0.1836
2456,EID_14528,0.1942
2457,EID_23167,0.189
2458,EID_25289,0.1917
2459,EID_12802,0.1917
2460,EID_15986,0.1911
2461,EID_3609,0.1845
2462,EID_2045,0.1829
2463,EID_1788,0.1884
2464,EID_22630,0.1881
2465,EID_10542,0.1943
2466,EID_13101,0.1906
2467,EID_5159,0.1936
2468,EID_18490,0.1904
2469,EID_25693,0.1862
2470,EID_20514,0.1883
2471,EID_3713,0.1904
2472,EID_11193,0.195
2473,EID_6052,0.1886
2474,EID_6986,0.1853
2475,EID_9104,0.1864
2476,EID_23058,0.1938
2477,EID_3156,0.1878
2478,EID_17660,0.1959
2479,EID_17514,0.1934
2480,EID_15370,0.1931
2481,EID_12207,0.1932
2482,EID_7351,0.1874
2483,EID_24727,0.1888
2484,EID_6356,0.1866
2485,EID_15421,0.198
2486,EID_11772,0.1925
2487,EID_14071,0.1984
2488,EID_16359,0.1881
2489,EID_16919,0.1962
2490,EID_21496,0.1922
2491,EID_10564,0.1915
2492,EID_3773,0.1808
2493,EID_9484,0.193
2494,EID_13601,0.1841
2495,EID_13843,0.1954
2496,EID_8774,0.1947
2497,EID_7542,0.1881
2498,EID_3388,0.1872
2499,EID_17949,0.1922
2500,EID_1815,0.1797
2501,EID_10479,0.1899
2502,EID_10722,0.1879
2503,EID_3427,0.1886
2504,EID_18205,0.1892
2505,EID_21650,0.1883
2506,EID_23124,0.1896
2507,EID_4294,0.1849
2508,EID_13366,0.1912
2509,EID_13957,0.1916
2510,EID_3578,0.1907
2511,EID_24105,0.1893
2512,EID_13186,0.1891
2513,EID_24214,0.1874
2514,EID_17251,0.1976
2515,EID_23225,0.1861
2516,EID_2152,0.188
2517,EID_10625,0.1907
2518,EID_2044,0.1789
2519,EID_7201,0.1887
2520,EID_2405,0.1944
2521,EID_22716,0.189
2522,EID_22728,0.1921
2523,EID_21251,0.1909
2524,EID_6915,0.192
2525,EID_14744,0.1906
2526,EID_15814,0.189
2527,EID_6659,0.1855
2528,EID_10991,0.1871
2529,EID_6500,0.1844
2530,EID_19121,0.1906
2531,EID_6278,0.1854
2532,EID_13236,0.1924
2533,EID_5382,0.1845
2534,EID_6871,0.1891
2535,EID_5012,0.1808
2536,EID_1268,0.1906
2537,EID_6588,0.1823
2538,EID_22163,0.1914
2539,EID_11121,0.1883
2540,EID_22615,0.1877
2541,EID_7838,0.1936
2542,EID_3344,0.1837
2543,EID_25292,0.1867
2544,EID_10730,0.1873
2545,EID_10317,0.1885
2546,EID_13443,0.197
2547,EID_10988,0.1906
2548,EID_23091,0.1908
2549,EID_1839,0.1848
2550,EID_13892,0.1876
2551,EID_1496,0.1895
2552,EID_15045,0.196
2553,EID_3744,0.1872
2554,EID_13010,0.1865
2555,EID_9716,0.1901
2556,EID_2993,0.1795
2557,EID_23435,0.1946
2558,EID_8587,0.187
2559,EID_22132,0.1984
2560,EID_21413,0.1952
2561,EID_11881,0.1888
2562,EID_19850,0.1911
2563,EID_18460,0.1903
2564,EID_17983,0.1991
2565,EID_14888,0.1897
2566,EID_14002,0.1925
2567,EID_13524,0.1932
2568,EID_4049,0.1857
2569,EID_6535,0.1891
2570,EID_10557,0.1912
2571,EID_1313,0.1834
2572,EID_12424,0.1886
2573,EID_8210,0.1823
2574,EID_22378,0.1959
2575,EID_19644,0.1835
2576,EID_8790,0.1895
2577,EID_5778,0.1905
2578,EID_23887,0.1957
2579,EID_16103,0.1871
2580,EID_20604,0.1921
2581,EID_17378,0.1917
2582,EID_5566,0.1845
2583,EID_24264,0.1934
2584,EID_7814,0.1953
2585,EID_1968,0.186
2586,EID_10282,0.1911
2587,EID_13648,0.1901
2588,EID_22376,0.1929
2589,EID_3690,0.1808
2590,EID_17871,0.1894
2591,EID_19167,0.1935
2592,EID_5366,0.1878
2593,EID_16996,0.1911
2594,EID_1953,0.186
2595,EID_8760,0.1944
2596,EID_20448,0.1945
2597,EID_15787,0.1929
2598,EID_18982,0.1876
2599,EID_4388,0.1845
2600,EID_22325,0.1964
2601,EID_10189,0.1895
2602,EID_21162,0.192
2603,EID_1032,0.1913
2604,EID_12045,0.1926
2605,EID_18324,0.1946
2606,EID_15085,0.1855
2607,EID_21927,0.1963
2608,EID_13325,0.1934
2609,EID_17801,0.1922
2610,EID_7678,0.1848
2611,EID_17469,0.1907
2612,EID_14318,0.1941
2613,EID_16439,0.1935
2614,EID_2307,0.1768
2615,EID_20011,0.1848
2616,EID_19381,0.191
2617,EID_14043,0.1891
2618,EID_14774,0.194
2619,EID_22982,0.1957
2620,EID_19092,0.1889
2621,EID_13137,0.1924
2622,EID_5738,0.1853
2623,EID_19661,0.1897
2624,EID_22570,0.1839
2625,EID_16393,0.1903
2626,EID_4256,0.1849
2627,EID_17873,0.1929
2628,EID_13832,0.1945
2629,EID_17617,0.1933
2630,EID_3106,0.1836
2631,EID_6567,0.1874
2632,EID_4727,0.1857
2633,EID_14518,0.1971
2634,EID_1070,0.189
2635,EID_19385,0.1982
2636,EID_20032,0.1953
2637,EID_11714,0.191
2638,EID_23636,0.1855
2639,EID_1985,0.1833
2640,EID_5627,0.1796
2641,EID_15171,0.1901
2642,EID_8811,0.1884
2643,EID_2163,0.1815
2644,EID_8459,0.1865
2645,EID_18138,0.1954
2646,EID_17518,0.1917
2647,EID_17432,0.1898
2648,EID_25686,0.1835
2649,EID_2470,0.1863
2650,EID_16311,0.1911
2651,EID_6903,0.1908
2652,EID_11990,0.1939
2653,EID_23460,0.1946
2654,EID_25924,0.1922
2655,EID_13985,0.1887
2656,EID_5455,0.1838
2657,EID_13427,0.1882
2658,EID_24855,0.1909
2659,EID_15532,0.1928
2660,EID_8953,0.1864
2661,EID_22683,0.1938
2662,EID_22493,0.191
2663,EID_1451,0.1883
2664,EID_20796,0.188
2665,EID_17281,0.1935
2666,EID_7767,0.1892
2667,EID_20838,0.194
2668,EID_17235,0.1927
2669,EID_21615,0.1945
2670,EID_6972,0.1872
2671,EID_13930,0.1944
2672,EID_4188,0.1887
2673,EID_11277,0.1911
2674,EID_18053,0.1908
2675,EID_11288,0.1911
2676,EID_1148,0.1839
2677,EID_19216,0.1935
2678,EID_7660,0.1911
2679,EID_22805,0.1953
2680,EID_11931,0.1936
2681,EID_16921,0.1888
2682,EID_4993,0.1881
2683,EID_18070,0.1956
2684,EID_15648,0.1888
2685,EID_11404,0.1897
2686,EID_14248,0.1882
2687,EID_15424,0.1915
2688,EID_8039,0.1913
2689,EID_7094,0.182
2690,EID_13161,0.1912
2691,EID_9293,0.1902
2692,EID_4351,0.183
2693,EID_17259,0.1925
2694,EID_2681,0.1865
2695,EID_22123,0.1906
2696,EID_8528,0.1818
2697,EID_11798,0.1925
2698,EID_20265,0.1899
2699,EID_21396,0.1989
2700,EID_12220,0.1883
2701,EID_25722,0.1927
2702,EID_21719,0.194
2703,EID_3506,0.1872
2704,EID_2139,0.1936
2705,EID_6562,0.1883
2706,EID_4353,0.1842
2707,EID_24392,0.1918
2708,EID_11238,0.1876
2709,EID_20617,0.1843
2710,EID_21473,0.1866
2711,EID_16837,0.1912
2712,EID_1800,0.1913
2713,EID_25849,0.1902
2714,EID_9395,0.1974
2715,EID_2415,0.1915
2716,EID_9286,0.1854
2717,EID_5081,0.1902
2718,EID_22546,0.1861
2719,EID_11932,0.1928
2720,EID_16292,0.1906
2721,EID_17882,0.2003
2722,EID_20889,0.1885
2723,EID_10031,0.1895
2724,EID_21576,0.1937
2725,EID_8256,0.1897
2726,EID_2614,0.1786
2727,EID_2098,0.181
2728,EID_10242,0.1934
2729,EID_21993,0.1881
2730,EID_22664,0.1894
2731,EID_1919,0.182
2732,EID_11629,0.1902
2733,EID_6840,0.1933
2734,EID_25493,0.1898
2735,EID_14968,0.1892
2736,EID_25313,0.1853
2737,EID_8035,0.1884
2738,EID_8969,0.1927
2739,EID_15223,0.1919
2740,EID_6266,0.1887
2741,EID_8184,0.1888
2742,EID_19480,0.1928
2743,EID_19076,0.1962
2744,EID_16339,0.1946
2745,EID_7963,0.1894
2746,EID_17427,0.1892
2747,EID_12641,0.1897
2748,EID_4122,0.1889
2749,EID_23659,0.1892
2750,EID_13486,0.1869
2751,EID_18423,0.1916
2752,EID_2181,0.1822
2753,EID_25490,0.187
2754,EID_9211,0.1847
2755,EID_5237,0.1867
2756,EID_2418,0.1865
2757,EID_17716,0.1993
2758,EID_13837,0.1965
2759,EID_2840,0.1898
2760,EID_13004,0.1933
2761,EID_14429,0.1914
2762,EID_18915,0.199
2763,EID_22415,0.1942
2764,EID_4304,0.1784
2765,EID_10753,0.1911
2766,EID_22612,0.1876
2767,EID_1857,0.1861
2768,EID_3566,0.1898
2769,EID_8545,0.1879
2770,EID_21685,0.1822
2771,EID_9946,0.1852
2772,EID_20447,0.1954
2773,EID_3887,0.1865
2774,EID_8351,0.1839
2775,EID_23889,0.1876
2776,EID_8248,0.1847
2777,EID_16621,0.1909
2778,EID_25138,0.1894
2779,EID_10004,0.1918
2780,EID_5522,0.1859
2781,EID_23416,0.1937
2782,EID_14897,0.1872
2783,EID_10840,0.1831
2784,EID_21716,0.1903
2785,EID_18484,0.1932
2786,EID_7402,0.1911
2787,EID_24854,0.1889
2788,EID_1610,0.185
2789,EID_17592,0.1941
2790,EID_22128,0.1927
2791,EID_17304,0.1988
2792,EID_1508,0.1846
2793,EID_20492,0.1859
2794,EID_2324,0.1884
2795,EID_17093,0.1915
2796,EID_23356,0.1876
2797,EID_17895,0.1946
2798,EID_8186,0.1859
2799,EID_19358,0.1951
2800,EID_6030,0.1916
2801,EID_17457,0.1978
2802,EID_14976,0.1935
2803,EID_8914,0.1832
2804,EID_5721,0.1824
2805,EID_11266,0.1936
2806,EID_17012,0.1916
2807,EID_7554,0.1866
2808,EID_3087,0.1865
2809,EID_19716,0.1846
2810,EID_21723,0.1903
2811,EID_13072,0.1955
2812,EID_9776,0.1858
2813,EID_25927,0.1932
2814,EID_5593,0.1878
2815,EID_13954,0.1909
2816,EID_16034,0.191
2817,EID_1719,0.1935
2818,EID_23054,0.1887
2819,EID_15591,0.1916
2820,EID_5178,0.1812
2821,EID_24346,0.1948
2822,EID_21264,0.1827
2823,EID_3292,0.1854
2824,EID_14975,0.1875
2825,EID_9165,0.1873
2826,EID_23369,0.19
2827,EID_18767,0.196
2828,EID_10153,0.1894
2829,EID_2542,0.1815
2830,EID_23826,0.1953
2831,EID_20391,0.1968
2832,EID_8633,0.188
2833,EID_5875,0.1894
2834,EID_12699,0.1965
2835,EID_12982,0.1867
2836,EID_16392,0.1861
2837,EID_8185,0.1851
2838,EID_15462,0.1891
2839,EID_4853,0.1922
2840,EID_17622,0.1877
2841,EID_23074,0.193
2842,EID_6390,0.1944
2843,EID_24539,0.189
2844,EID_12963,0.1891
2845,EID_8649,0.1861
2846,EID_11810,0.1924
2847,EID_3598,0.1897
2848,EID_13511,0.192
2849,EID_16014,0.1928
2850,EID_24791,0.19
2851,EID_3417,0.1795
2852,EID_24668,0.1887
2853,EID_4508,0.1858
2854,EID_25150,0.1904
2855,EID_25934,0.1816
2856,EID_6308,0.1842
2857,EID_10508,0.1876
2858,EID_18724,0.1902
2859,EID_10536,0.1874
2860,EID_18738,0.191
2861,EID_15949,0.1864
2862,EID_20722,0.1863
2863,EID_14963,0.1927
2864,EID_6682,0.1863
2865,EID_8365,0.1862
2866,EID_17999,0.1966
2867,EID_24499,0.1889
2868,EID_20389,0.1943
2869,EID_12123,0.1948
2870,EID_19203,0.1899
2871,EID_3538,0.1837
2872,EID_19811,0.1955
2873,EID_11473,0.1896
2874,EID_3032,0.179
2875,EID_8419,0.1901
2876,EID_9052,0.1861
2877,EID_15837,0.1894
2878,EID_6644,0.183
2879,EID_16894,0.1893
2880,EID_10552,0.1888
2881,EID_14750,0.1917
2882,EID_16659,0.1946
2883,EID_4472,0.1876
2884,EID_4076,0.1834
2885,EID_5163,0.1851
2886,EID_25923,0.1945
2887,EID_24806,0.1873
2888,EID_3742,0.1929
2889,EID_19722,0.1869
2890,EID_18033,0.198
2891,EID_16718,0.1944
2892,EID_13182,0.1854
2893,EID_23021,0.1967
2894,EID_20329,0.1917
2895,EID_8770,0.1832
2896,EID_11234,0.1866
2897,EID_18881,0.1938
2898,EID_1365,0.1864
2899,EID_19318,0.1933
2900,EID_19343,0.1883
2901,EID_4435,0.1891
2902,EID_22102,0.1892
2903,EID_24095,0.1875
2904,EID_9897,0.1935
2905,EID_21635,0.1915
2906,EID_16514,0.1898
2907,EID_1997,0.1891
2908,EID_10324,0.1935
2909,EID_6487,0.1867
2910,EID_21197,0.1944
2911,EID_19082,0.1928
2912,EID_17562,0.1891
2913,EID_8738,0.19
2914,EID_13687,0.1884
2915,EID_19572,0.1891
2916,EID_24909,0.1869
2917,EID_21814,0.1785
2918,EID_12083,0.1943
2919,EID_25919,0.1888
2920,EID_19140,0.192
2921,EID_23924,0.1905
2922,EID_1208,0.1833
2923,EID_18170,0.191
2924,EID_18699,0.1961
2925,EID_1318,0.1851
2926,EID_14941,0.191
2927,EID_6540,0.188
2928,EID_20936,0.1922
2929,EID_9705,0.1944
2930,EID_24181,0.1924
2931,EID_22138,0.1887
2932,EID_23044,0.1893
2933,EID_9038,0.1921
2934,EID_3247,0.1894
2935,EID_19630,0.1901
2936,EID_8655,0.1942
2937,EID_10423,0.1848
2938,EID_3946,0.1793
2939,EID_16512,0.1882
2940,EID_12473,0.1906
2941,EID_11571,0.1873
2942,EID_14381,0.1937
2943,EID_12675,0.1943
2944,EID_1930,0.1877
2945,EID_20155,0.1896
2946,EID_22902,0.1881
2947,EID_24145,0.1879
2948,EID_5342,0.1864
2949,EID_8334,0.1824
2950,EID_25708,0.1968
2951,EID_19991,0.1894
2952,EID_5499,0.192
2953,EID_5953,0.1849
2954,EID_7444,0.1917
2955,EID_6218,0.1938
2956,EID_12891,0.1861
2957,EID_16456,0.1956
2958,EID_20256,0.1871
2959,EID_9959,0.1946
2960,EID_8845,0.1881
2961,EID_1662,0.1869
2962,EID_8739,0.1902
2963,EID_20695,0.188
2964,EID_19446,0.1913
2965,EID_12441,0.1944
2966,EID_13066,0.191
2967,EID_8911,0.184
2968,EID_22200,0.1906
2969,EID_9689,0.1888
2970,EID_1668,0.1857
2971,EID_8120,0.1881
2972,EID_22777,0.1917
2973,EID_19141,0.1972
2974,EID_22674,0.1895
2975,EID_16121,0.1927
2976,EID_14662,0.1881
2977,EID_23290,0.1859
2978,EID_20144,0.1946
2979,EID_23052,0.1964
2980,EID_25575,0.194
2981,EID_23724,0.1882
2982,EID_14759,0.1963
2983,EID_25209,0.1943
2984,EID_17753,0.1901
2985,EID_4693,0.1822
2986,EID_17284,0.1934
2987,EID_9131,0.1946
2988,EID_24625,0.1913
2989,EID_24912,0.1894
2990,EID_19612,0.1815
2991,EID_9147,0.1877
2992,EID_6891,0.1887
2993,EID_10639,0.1921
2994,EID_5880,0.1839
2995,EID_22547,0.1907
2996,EID_10066,0.1884
2997,EID_7126,0.1862
2998,EID_4929,0.1819
2999,EID_24750,0.1923
